{
    "version": "1.0.0",
    "bot_settings": {
        "token_refresh_interval": 1800,
        "token_retry_interval": 300,
        "heartbeat_interval": 30
    },
    "intent_rules": {
        "price": {
            "keywords": ["便宜", "价", "砍价", "少点", "优惠", "打折", "降价", "多少钱", "贵", "便宜点"],
            "patterns": ["\\d+元", "\\d+块", "能少\\d+", "\\d+[块元]钱", "[0-9]+", "打[0-9]+折"]
        },
        "product_type": {
            "keywords": ["卖的是什么", "卖什么", "什么物品", "卖什么的", "卖的是", "这是什么商品"]
        }
    },
    "product_info": {
        "wrong_product_types": ["连衣裙", "裙子", "衣服", "鞋子", "包包", "手表", "首饰"]
    },
    "system_prompts": {
        "item_info_template": "你是闲鱼客服机器人，正在回答关于以下商品的问题：\n商品标题：{title}\n商品价格：{price}元\n商品分类：{category}\n商品描述：{desc}\n\n请始终基于此商品信息回答，不要编造或混淆商品类型。\n议价次数: {bargain_count}"
    }
} 